,R,d,R_lower,d_lower,R_upper,d_upper,upsilon,X_C,upsilon_lower,X_C_lower,upsilon_upper,X_C_upper,f_E,f_E_lower,f_E_upper,f_S,X_S,f_S_lower,X_S_lower,f_S_upper,X_S_upper
BD-ML,1.3754472632219314,4.197465722108253,1.117989479997332,3.707785754106871,1.7035461067224196,4.794228880782143,,,,,,,,,,,,,,,
BD,1.5505386590957642,4.857909139133619,1.3102465867996216,4.138489020094468,1.779342770576477,5.992915052005537,,,,,,,,,,,,,,,
BDCT,1.4291623830795288,4.4246898646444475,1.2562893629074097,3.438081267513434,1.7462674379348755,5.739358877210959,0.14694819,54.04685,0.017568989,11.964234,0.3222768,112.5949,,,,,,,,,
BDEI,1.373098611831665,5.345540587105506,1.2621240615844727,4.25161147151988,2.142181158065796,8.641587208705973,,,,,,,0.94734985,0.81669354,0.9803044,,,,,,
BDEICT,1.7321785688400269,7.501204243340912,1.5067895650863647,5.7333525951707465,2.593330144882202,11.854066727253716,0.6557903,87.60805,0.4742014,39.985973,0.7531133,106.8611,0.9464543,0.85262203,0.9829481,,,,,,
BDSS,1.4985182285308838,5.4470975586023584,1.172560214996338,4.098005324342974,2.0014431476593018,6.346731353189789,,,,,,,,,,0.03536989,14.121264,0.003760737,9.687052,0.15232961,21.010376
BDSSCT,1.5939069986343384,4.9128368894581325,1.1601372957229614,3.570877679621693,2.160875082015991,6.998420481222089,0.25948796,48.350502,0.052944742,14.123751,0.58369786,106.08963,,,,0.049561646,17.941153,0.0,12.813729,0.121580504,22.174177
BDEISS,1.700626015663147,5.397281922014326,1.3253666162490845,3.5508100741384663,2.0387625694274902,8.613728747909683,,,,,,,0.943879,0.70590127,1.0,0.27335835,6.318133,0.008768805,1.6573974,0.5,18.223827
BDEISSCT,1.9071844816207886,7.54646210538076,1.539676547050476,5.46237782612609,2.750065565109253,10.697877756519674,0.67423207,80.1052,0.38246596,36.801117,0.7700615,100.38587,0.92092425,0.73551166,0.9452333,0.0,1.1559303,0.0,1.0,0.30420724,6.8938136
BDSS-Xie,1.59,4.64,1.33,3.37,1.99,8.24,,,,,,,,,,0.09,8.08,0.05,3.91,0.17,17.73
Epi-Xie,1.69,,1.65,,1.74,,,,,,,,,,,,,,,,
